"Ulmus";52.366787;4.882631
"Ulmus";52.366933;4.882641
"Ulmus";52.367093;4.882657
"Ulmus";52.367206;4.882667
"Ulmus";52.367342;4.882676
"Ulmus";52.367496;4.88269
"Ulmus";52.367596;4.882702
"Ulmus";52.3677;4.882716
"Overig";52.367702;4.882811
"Ulmus";52.367796;4.882719
"Ulmus";52.367873;4.88273
"Ulmus";52.367981;4.882739
"Ulmus";52.368079;4.882744
"Ulmus";52.368213;4.882759
"Ulmus";52.368321;4.882766
"Ulmus";52.36845;4.882775
"Ulmus";52.368589;4.882785
"Ulmus";52.368719;4.882798
"Ulmus";52.368822;4.882807
"Ulmus";52.369045;4.88283
"Ulmus";52.369163;4.88284
"Ulmus";52.369309;4.882853
"Ulmus";52.369419;4.882859
"Ulmus";52.369507;4.882867
"Ulmus";52.369624;4.882878
"Ulmus";52.369754;4.882889
"Ulmus";52.369883;4.882895
"Ulmus";52.370013;4.882908
"Ulmus";52.370111;4.882922
"Ulmus";52.370203;4.865379
"Ulmus";52.370197;4.882927
"Ulmus";52.370317;4.882942
"Ulmus";52.370337;4.865508
"Ulmus";52.370446;4.865611
"Ulmus";52.37048;4.877569
"Ulmus";52.370497;4.870516
"Ulmus";52.370529;4.882969
"Ulmus";52.370542;4.877801
"Ulmus";52.37057;4.86572
"Ulmus";52.370607;4.878055
"Ulmus";52.370648;4.882979
"Ulmus";52.370659;4.878257
"Ulmus";52.370684;4.865828
"Ulmus";52.370705;4.878432
"Ulmus";52.370755;4.878626
"Ulmus";52.370752;4.88299
"Ulmus";52.37081;4.865946
"Ulmus";52.370806;4.878819
"Ulmus";52.370851;4.878998
"Ulmus";52.370856;4.882993
"Ulmus";52.370888;4.879145
"Ulmus";52.37092;4.879263
"Ulmus";52.370934;4.866062
"Ulmus";52.370969;4.879444
"Ulmus";52.370976;4.883009
"Ulmus";52.371065;4.866184
"Ulmus";52.371078;4.879822
"Ulmus";52.371085;4.883014
"Ulmus";52.371164;4.880164
"Platanus";52.371179;4.868241
"Ulmus";52.371187;4.866303
"Crataegus";52.371192;4.862353
"Ulmus";52.371195;4.870666
"Platanus";52.3712;4.868349
"Ulmus";52.371197;4.88302
"Ulmus";52.371202;4.880315
"Crataegus";52.371224;4.862219
"Platanus";52.371252;4.868579
"Platanus";52.371277;4.868693
"Ulmus";52.371266;4.880557
"Crataegus";52.371296;4.862404
"Platanus";52.371303;4.868808
"Ulmus";52.371309;4.870717
"Ulmus";52.371315;4.86642
"Platanus";52.371328;4.868922
"Ulmus";52.371318;4.883038
"Ulmus";52.371321;4.880767
"Platanus";52.371354;4.869036
"Overig";52.371383;4.865813
"Ulmus";52.371368;4.880956
"Platanus";52.37138;4.869152
"Tilia";52.371384;4.865642
"Platanus";52.371403;4.869259
"Platanus";52.3714;4.872601
"Ulmus";52.371406;4.870765
"Ulmus";52.371404;4.883041
"Ulmus";52.371425;4.866524
"Platanus";52.371427;4.869361
"Ulmus";52.371423;4.881164
"Tilia";52.371446;4.865808
"Overig";52.37145;4.865852
"Acer";52.37145;4.869456
"Tilia";52.371475;4.865722
"Platanus";52.371473;4.869565
"Ulmus";52.37147;4.881346
"Acer";52.371491;4.869499
"Ulmus";52.371515;4.866722
"Ulmus";52.371512;4.870836
"Ulmus";52.371524;4.869699
"Crataegus";52.371537;4.86231
"Platanus";52.371527;4.872693
"Tilia";52.371543;4.865899
"Overig";52.37154;4.869846
"Ulmus";52.371529;4.881568
"Ulmus";52.371546;4.866896
"Ulmus";52.371536;4.883051
"Platanus";52.371558;4.869943
"Tilia";52.371569;4.865812
"Ulmus";52.371582;4.86707
"Platanus";52.371581;4.870061
"Ulmus";52.371608;4.881868
"Ulmus";52.371628;4.870899
"Tilia";52.371636;4.865986
"Platanus";52.371636;4.870294
"Tilia";52.371664;4.8659
"Platanus";52.371661;4.870411
"Ulmus";52.37165;4.882032
"Ulmus";52.371664;4.872604
"Ulmus";52.37169;4.883066
"Ulmus";52.371692;4.882196
"Tilia";52.371727;4.866074
"Tilia";52.371749;4.865989
"Ulmus";52.371736;4.882365
"Ulmus";52.371749;4.87098
"Ulmus";52.371775;4.872674
"Ulmus";52.371781;4.883072
"Tilia";52.371827;4.86617
"Tilia";52.371846;4.866076
"Ulmus";52.371874;4.871064
"Tilia";52.371918;4.866247
"Ulmus";52.371903;4.88309
"Ulmus";52.371918;4.872767
"Tilia";52.371945;4.866162
"Tilia";52.372024;4.866325
"Tilia";52.372041;4.866228
"Ulmus";52.372035;4.88309
"Ulmus";52.372092;4.871205
"Ulmus";52.372099;4.883098
"Ulmus";52.372137;4.872907
"Tilia";52.372144;4.86629
"Ulmus";52.372218;4.871289
"Ulmus";52.372211;4.883111
"Populus";52.372248;4.865265
"Tilia";52.372257;4.866319
"Ulmus";52.372267;4.872989
"Ulmus";52.372306;4.883119
"Ulmus";52.372321;4.871354
"Platanus";52.372355;4.874133
"Tilia";52.372365;4.866343
"Populus";52.372374;4.865322
"Ulmus";52.372388;4.873067
"Overig";52.372453;4.863887
"Overig";52.372456;4.864022
"Overig";52.372464;4.864158
"Tilia";52.372465;4.864577
"Overig";52.372469;4.864261
"Overig";52.372475;4.864414
"Populus";52.372508;4.865316
"Ulmus";52.372509;4.871641
"Overig";52.372513;4.869459
"Ulmus";52.372513;4.873147
"Ulmus";52.37254;4.871789
"Ulmus";52.372533;4.883138
"Ulmus";52.372567;4.877693
"Ulmus";52.372575;4.871959
"Ulmus";52.372619;4.873215
"Ulmus";52.372627;4.872237
"Robinia";52.372649;4.869559
"Overig";52.372642;4.876572
"Platanus";52.372651;4.870431
"Ulmus";52.372663;4.88315
"Overig";52.372683;4.876664
"Overig";52.372715;4.876596
"Ulmus";52.37273;4.873292
"Ulmus";52.372738;4.878355
"Ulmus";52.372747;4.883156
"Robinia";52.372781;4.869664
"Ulmus";52.372791;4.870527
"Ulmus";52.372791;4.878582
"Ulmus";52.3728;4.876624
"Ulmus";52.37283;4.873411
"Platanus";52.37286;4.874634
"Ulmus";52.372879;4.876653
"Ulmus";52.37288;4.878949
"Ulmus";52.372882;4.883167
"Robinia";52.372901;4.869735
"Ulmus";52.372907;4.873608
"Ulmus";52.372934;4.870632
"Ulmus";52.372945;4.873791
"Overig";52.372953;4.876675
"Ulmus";52.372963;4.87928
"Ulmus";52.372982;4.873972
"Overig";52.372989;4.871776
"Ulmus";52.372991;4.883185
"Platanus";52.373;4.874825
"Ulmus";52.373004;4.87409
"Robinia";52.373026;4.869848
"Overig";52.373034;4.876705
"Ulmus";52.373073;4.87969
"Overig";52.373102;4.871862
"Ulmus";52.373102;4.883189
"Robinia";52.37314;4.86993
"Platanus";52.373147;4.874982
"Ulmus";52.373177;4.880118
"Ulmus";52.373233;4.870835
"Overig";52.373234;4.87195
"Ulmus";52.37324;4.880365
"Ulmus";52.373243;4.883202
"Overig";52.373276;4.870053
"Ulmus";52.373315;4.880676
"Overig";52.373358;4.872032
"Ulmus";52.373351;4.883216
"Ulmus";52.373374;4.870942
"Ulmus";52.373398;4.881008
"Ulmus";52.373453;4.883222
"Overig";52.373484;4.872116
"Ulmus";52.373484;4.881352
"Ulmus";52.373518;4.871043
"Platanus";52.373525;4.875187
"Overig";52.373534;4.870247
"Ulmus";52.373548;4.88323
"Ulmus";52.373567;4.88168
"Overig";52.37361;4.872198
"Platanus";52.373645;4.875195
"Ulmus";52.373645;4.883239
"Ulmus";52.37365;4.882011
"Ulmus";52.373664;4.871146
"Platanus";52.373672;4.867094
"Platanus";52.373684;4.867209
"Platanus";52.373697;4.867363
"Robinia";52.373703;4.870376
"Platanus";52.373707;4.867462
"Ulmus";52.373725;4.882319
"Platanus";52.373753;4.867192
"Overig";52.373754;4.867071
"Ulmus";52.37374;4.883245
"Platanus";52.37377;4.867344
"Platanus";52.373773;4.867451
"Platanus";52.373771;4.875212
"Ulmus";52.373775;4.882546
"Overig";52.37381;4.872331
"Ulmus";52.373812;4.877171
"Platanus";52.37382;4.871238
"Ulmus";52.373809;4.883247
"Overig";52.373846;4.871479
"Ulmus";52.373852;4.877336
"Quercus";52.373856;4.87647
"Quercus";52.373867;4.87652
"Overig";52.373878;4.876571
"Overig";52.373887;4.880342
"Ulmus";52.373896;4.877525
"Overig";52.373894;4.880377
"Overig";52.373907;4.871218
"Overig";52.37391;4.871517
"Overig";52.373933;4.866543
"Overig";52.373947;4.866661
"Ulmus";52.373945;4.877742
"Ulmus";52.373962;4.8772
"Overig";52.37397;4.871258
"Overig";52.373981;4.866953
"Overig";52.373977;4.872439
"Robinia";52.373989;4.870594
"Ulmus";52.373987;4.877934
"Overig";52.374002;4.870803
"Overig";52.374015;4.867772
"Overig";52.374038;4.866721
"Overig";52.374038;4.867417
"Ulmus";52.374032;4.878124
"Platanus";52.374069;4.867019
"Platanus";52.374067;4.871433
"Overig";52.374068;4.870842
"Ulmus";52.374066;4.877058
"Platanus";52.37408;4.867113
"Ulmus";52.374073;4.87831
"Overig";52.374086;4.87251
"Platanus";52.374094;4.867261
"Platanus";52.374094;4.867343
"Robinia";52.374096;4.881251
"Platanus";52.374115;4.867
"Overig";52.374128;4.867665
"Ulmus";52.374131;4.878568
"Robinia";52.374139;4.870704
"Ulmus";52.374183;4.871517
"Ulmus";52.374182;4.877094
"Ulmus";52.374192;4.878824
"Ulmus";52.374203;4.883431
"Ulmus";52.374233;4.879015
"Onbekend";52.374253;4.866488
"Platanus";52.374266;4.861081
"Overig";52.374261;4.866384
"Ulmus";52.37425;4.883308
"Ulmus";52.374251;4.883502
"Betula";52.374265;4.876627
"Ulmus";52.374265;4.879158
"Ulmus";52.374283;4.877129
"Platanus";52.374306;4.861417
"Ulmus";52.374313;4.871608
"Robinia";52.374319;4.87084
"Platanus";52.374332;4.86168
"Overig";52.37433;4.866733
"Ulmus";52.374334;4.879464
"Platanus";52.374349;4.875247
"Overig";52.374373;4.866443
"Ulmus";52.374384;4.877191
"Ulmus";52.374386;4.87968
"Overig";52.3744;4.867322
"Overig";52.374401;4.872779
"Overig";52.374421;4.867544
"Platanus";52.374424;4.866742
"Platanus";52.374437;4.866852
"Ulmus";52.374435;4.879898
"Platanus";52.374451;4.866972
"Platanus";52.374455;4.871692
"Platanus";52.374462;4.867172
"Robinia";52.374459;4.870944
"Platanus";52.374467;4.867274
"Ulmus";52.374463;4.883329
"Overig";52.374493;4.867469
"Ulmus";52.374485;4.877255
"Ulmus";52.374485;4.880129
"Overig";52.374511;4.86764
"Overig";52.374525;4.865932
"Platanus";52.374519;4.875334
"Ulmus";52.37454;4.880362
"Ulmus";52.374569;4.871787
"Overig";52.374579;4.866138
"Ulmus";52.37458;4.88055
"Overig";52.374595;4.866357
"Ulmus";52.37459;4.877322
"Platanus";52.374617;4.875338
"Ulmus";52.374612;4.88069
"Ulmus";52.37462;4.883338
"Ulmus";52.374639;4.88081
"Overig";52.37468;4.866314
"Aesculus";52.374679;4.871072
"Platanus";52.374676;4.875428
"Platanus";52.374682;4.871868
"Platanus";52.374698;4.866545
"Ulmus";52.374688;4.881032
"Platanus";52.374694;4.877153
"Platanus";52.37472;4.866763
"Platanus";52.374744;4.85983
"Ulmus";52.374729;4.877408
"Platanus";52.374764;4.86722
"Ulmus";52.374752;4.881302
"Platanus";52.374762;4.875412
"Overig";52.374775;4.873115
"Platanus";52.374781;4.8674
"Platanus";52.37479;4.860204
"Aesculus";52.374788;4.871153
"Platanus";52.374821;4.860389
"Platanus";52.374822;4.866489
"Ulmus";52.374824;4.877466
"Platanus";52.374827;4.877244
"Overig";52.37484;4.873054
"Ulmus";52.374841;4.881696
"Ulmus";52.374856;4.883503
"Platanus";52.374894;4.86057
"Ulmus";52.374878;4.88185
"Aesculus";52.374899;4.871231
"Platanus";52.374915;4.860745
"Platanus";52.374912;4.867485
"Platanus";52.374913;4.875506
"Platanus";52.374933;4.859973
"Platanus";52.374935;4.860918
"Ulmus";52.374914;4.882008
"Platanus";52.374924;4.877305
"Ulmus";52.374936;4.877538
"Overig";52.374939;4.876772
"Platanus";52.374958;4.861091
"Ulmus";52.374952;4.876175
"Ulmus";52.374949;4.882171
"Platanus";52.374976;4.86127
"Platanus";52.374976;4.875618
"Platanus";52.37499;4.861794
"Ulmus";52.374975;4.883603
"Platanus";52.374998;4.861446
"Ulmus";52.374986;4.882332
"Platanus";52.375051;4.860944
"Platanus";52.375035;4.877375
"Platanus";52.375055;4.861082
"Ulmus";52.375035;4.882545
"Platanus";52.375075;4.86122
"Platanus";52.375085;4.861356
"Ulmus";52.375076;4.876253
"Platanus";52.375077;4.875608
"Ulmus";52.375081;4.882757
"Platanus";52.375106;4.861529
"Platanus";52.375133;4.861843
"Ulmus";52.375114;4.88372
"Platanus";52.375129;4.877435
"Ulmus";52.375132;4.877843
"Platanus";52.375154;4.861975
"Ulmus";52.375134;4.882977
"Platanus";52.375155;4.863276
"Platanus";52.375153;4.875729
"Platanus";52.375184;4.86217
"Platanus";52.375186;4.863448
"Platanus";52.375186;4.863448
"Ulmus";52.375175;4.878039
"Ulmus";52.375189;4.876324
"Platanus";52.375205;4.862343
"Tilia";52.375199;4.871118
"Overig";52.375198;4.87324
"Platanus";52.375209;4.863605
"Platanus";52.375209;4.863605
"Ulmus";52.375211;4.878194
"Platanus";52.375237;4.863791
"Platanus";52.375237;4.863791
"Platanus";52.375236;4.877502
"Ulmus";52.37523;4.883829
"Platanus";52.375252;4.875718
"Ulmus";52.37525;4.878377
"Ulmus";52.375264;4.87723
"Quercus";52.375266;4.876978
"Ulmus";52.375283;4.878542
"Tilia";52.375298;4.871186
"Ulmus";52.375309;4.876399
"Platanus";52.375326;4.875839
"Robinia";52.375338;4.871326
"Ulmus";52.375335;4.878776
"Tilia";52.375379;4.864967
"Tilia";52.375384;4.86481
"Ulmus";52.375365;4.883952
"Ulmus";52.375373;4.877301
"Overig";52.375382;4.873365
"Ulmus";52.37538;4.878985
"Platanus";52.375402;4.875813
"Ulmus";52.375421;4.879176
"Tilia";52.375439;4.865204
"Ulmus";52.375428;4.876474
"Tilia";52.375461;4.865376
"Platanus";52.375452;4.875918
"Ulmus";52.375462;4.879363
"Tilia";52.375481;4.865541
"Tilia";52.375501;4.865713
"Overig";52.3755;4.873443
"Ulmus";52.37549;4.884061
"Robinia";52.375504;4.871437
"Tilia";52.375517;4.865868
"Ulmus";52.375504;4.879558
"Tilia";52.375529;4.864755
"Platanus";52.375538;4.866015
"Platanus";52.375541;4.864969
"Platanus";52.375537;4.875969
"Ulmus";52.375542;4.879738
"Platanus";52.375557;4.866162
"Platanus";52.375555;4.875902
"Ulmus";52.375559;4.876556
"Ulmus";52.375588;4.879948
"Quercus";52.375594;4.877177
"Tilia";52.375594;4.877951
"Platanus";52.375607;4.866392
"Platanus";52.37562;4.866531
"Ulmus";52.375614;4.884175
"Quercus";52.375639;4.860532
"Quercus";52.375653;4.860654
"Ulmus";52.375634;4.880162
"Tilia";52.375687;4.866005
"Platanus";52.375681;4.875985
"Ulmus";52.375683;4.876628
"Ulmus";52.37568;4.880374
"Tilia";52.375699;4.878017
"Platanus";52.37571;4.867643
"Platanus";52.375713;4.867853
"Overig";52.375746;4.873602
"Ulmus";52.375749;4.884302
"Ulmus";52.375764;4.880755
"Quercus";52.375787;4.861784
"Quercus";52.375805;4.861943
"Tilia";52.375815;4.862669
"Ulmus";52.375805;4.876704
"Ulmus";52.375814;4.880994
"Tilia";52.375819;4.87809
"Tilia";52.375819;4.87809
"Platanus";52.375823;4.876074
"Tilia";52.375872;4.862673
"Overig";52.375866;4.873684
"Ulmus";52.375862;4.881219
"Quercus";52.375881;4.877357
"Tilia";52.375918;4.862723
"Ulmus";52.3759;4.881391
"Ulmus";52.375923;4.876779
"Tilia";52.375928;4.87816
"Tilia";52.375947;4.86247
"Ulmus";52.375939;4.881572
"Tilia";52.375987;4.86275
"Platanus";52.375974;4.876171
"Overig";52.37598;4.873758
"Ulmus";52.37598;4.881767
"Robinia";52.376012;4.871769
"Ulmus";52.376029;4.881985
"Tilia";52.376058;4.862774
"Ulmus";52.376047;4.876857
"Tilia";52.37605;4.878235
"Tilia";52.376067;4.862523
"Acer";52.376075;4.874946
"Ulmus";52.376079;4.882221
"Tilia";52.376128;4.862795
"Robinia";52.37612;4.879561
"Robinia";52.376134;4.879626
"Acer";52.376146;4.874991
"Ulmus";52.376145;4.876919
"Platanus";52.376164;4.876288
"Quercus";52.376163;4.877536
"Tilia";52.376183;4.862564
"Tilia";52.376169;4.878313
"Ulmus";52.376171;4.882652
"Robinia";52.376182;4.871886
"Tilia";52.376214;4.862826
"Ulmus";52.376213;4.882845
"Acer";52.376222;4.875037
"Ulmus";52.376246;4.876983
"Overig";52.376254;4.873938
"Ulmus";52.376257;4.883051
"Tilia";52.376282;4.862856
"Tilia";52.376294;4.862604
"Acer";52.376287;4.875075
"Tilia";52.37629;4.878392
"Ulmus";52.376302;4.88325
"Ulmus";52.376341;4.877043
"Tilia";52.376356;4.862873
"Ulmus";52.376346;4.88345
"Platanus";52.376355;4.876407
"Overig";52.376374;4.874018
"Tilia";52.376402;4.862646
"Ulmus";52.376383;4.883631
"Tilia";52.376425;4.8629
"Tilia";52.376433;4.872052
"Tilia";52.376429;4.878477
"Ulmus";52.376424;4.883828
"Ulmus";52.376473;4.877127
"Tilia";52.376492;4.862924
"Overig";52.376481;4.874087
"Ulmus";52.376473;4.884033
"Acer";52.37649;4.875194
"Tilia";52.37651;4.862683
"Ulmus";52.376514;4.884227
"Aesculus";52.376536;4.870431
"Tilia";52.37655;4.862952
"Platanus";52.376548;4.876531
"Overig";52.376561;4.874134
"Tilia";52.376566;4.878565
"Quercus";52.376572;4.877988
"Ulmus";52.376587;4.877198
"Tilia";52.376606;4.862974
"Quercus";52.376612;4.87782
"Aesculus";52.376632;4.870522
"Tilia";52.376648;4.862992
"Robinia";52.376645;4.872188
"Acer";52.376651;4.875283
"Tilia";52.376684;4.878641
"Overig";52.376691;4.874227
"Tilia";52.376704;4.863004
"Ulmus";52.376727;4.877287
"Aesculus";52.376751;4.870627
"Platanus";52.376758;4.876662
"Quercus";52.376775;4.878113
"Tilia";52.376797;4.862787
"Overig";52.376802;4.874301
"Acer";52.376802;4.87538
"Quercus";52.376812;4.877947
"Robinia";52.376844;4.872318
"Ulmus";52.376854;4.877366
"Aesculus";52.37687;4.870731
"Tilia";52.376897;4.863065
"Overig";52.376914;4.874374
"Tilia";52.376913;4.878789
"Ulmus";52.376919;4.879755
"Acer";52.376955;4.875474
"Ulmus";52.376963;4.879934
"Overig";52.376963;4.883501
"Aesculus";52.376988;4.870834
"Overig";52.376976;4.883561
"Ulmus";52.376994;4.877454
"Overig";52.377;4.883478
"Quercus";52.37701;4.87826
"Overig";52.377013;4.88354
"Overig";52.377025;4.874449
"Robinia";52.377031;4.87244
"Quercus";52.377048;4.878097
"Aesculus";52.377071;4.860085
"Platanus";52.377056;4.876854
"Tilia";52.377054;4.878878
"Aesculus";52.377087;4.860308
"Aesculus";52.377106;4.870934
"Aesculus";52.377117;4.860519
"Aesculus";52.377132;4.858135
"Acer";52.37712;4.875573
"Ulmus";52.377121;4.877535
"Aesculus";52.377143;4.860715
"Overig";52.377136;4.874523
"Aesculus";52.377166;4.85842
"Aesculus";52.377169;4.860912
"Tilia";52.37717;4.878953
"Aesculus";52.377196;4.858114
"Aesculus";52.377197;4.858691
"Ulmus";52.377173;4.885124
"Aesculus";52.377198;4.861108
"Ulmus";52.377179;4.884943
"Aesculus";52.377228;4.8584
"Aesculus";52.377227;4.861299
"Aesculus";52.377231;4.858989
"Robinia";52.377225;4.872569
"Aesculus";52.377228;4.871041
"Aesculus";52.37725;4.859151
"Aesculus";52.377252;4.861494
"Aesculus";52.377259;4.858671
"Overig";52.377247;4.874596
"Ulmus";52.377252;4.877617
"Aesculus";52.377271;4.859341
"Aesculus";52.37728;4.861695
"Aesculus";52.377294;4.859521
"Acer";52.377281;4.87567
"Aesculus";52.377299;4.858969
"Aesculus";52.377317;4.85913
"Tilia";52.3773;4.879037
"Aesculus";52.377334;4.862074
"Aesculus";52.377339;4.859319
"Overig";52.377325;4.878464
"Aesculus";52.377356;4.85989
"Aesculus";52.37736;4.862269
"Aesculus";52.377367;4.859497
"Overig";52.377358;4.874672
"Aesculus";52.377382;4.860104
"Overig";52.377366;4.878296
"Aesculus";52.37739;4.862472
"Ulmus";52.377388;4.877704
"Aesculus";52.377407;4.860288
"Aesculus";52.377423;4.859998
"Robinia";52.377417;4.872691
"Aesculus";52.377435;4.860484
"Tilia";52.377429;4.879121
"Aesculus";52.377451;4.860176
"Aesculus";52.377459;4.860657
"Platanus";52.377443;4.877091
"Aesculus";52.37748;4.860354
"Overig";52.377469;4.874745
"Aesculus";52.377484;4.86084
"Platanus";52.377482;4.877187
"Aesculus";52.377509;4.860548
"Aesculus";52.377511;4.861031
"Aesculus";52.377526;4.860721
"Ulmus";52.377517;4.877786
"Aesculus";52.377539;4.861235
"Aesculus";52.377553;4.860913
"Aesculus";52.377565;4.861421
"Tilia";52.377556;4.879201
"Platanus";52.37756;4.877169
"Aesculus";52.377581;4.861104
"Robinia";52.377573;4.872798
"Aesculus";52.377583;4.87135
"Aesculus";52.377594;4.861631
"Aesculus";52.377608;4.861296
"Aesculus";52.377622;4.861829
"Platanus";52.377612;4.877264
"Aesculus";52.377635;4.861486
"Aesculus";52.377654;4.862043
"Aesculus";52.377664;4.861715
"Aesculus";52.37768;4.862239
"Aesculus";52.377677;4.87144
"Ulmus";52.377678;4.879635
"Aesculus";52.377697;4.861917
"Overig";52.377685;4.874876
"Aesculus";52.377724;4.862111
"Ulmus";52.377715;4.879846
"Platanus";52.377728;4.877271
"Robinia";52.377735;4.872903
"Aesculus";52.377752;4.862325
"Ulmus";52.377754;4.880055
"Overig";52.377785;4.874943
"Ulmus";52.377795;4.880265
"Platanus";52.377817;4.877396
"Ulmus";52.377833;4.880464
"Tilia";52.377858;4.879395
"Ulmus";52.377868;4.880663
"Platanus";52.37789;4.875112
"Robinia";52.3779;4.87301
"Platanus";52.377907;4.877387
"Ulmus";52.377904;4.88086
"Ulmus";52.377941;4.881058
"Platanus";52.377969;4.877493
"Platanus";52.377971;4.877207
"Robinia";52.37798;4.87507
"Tilia";52.377998;4.879486
"Platanus";52.378022;4.877246
"Ulmus";52.378027;4.881521
"Robinia";52.378051;4.873105
"Ulmus";52.378065;4.881732
"Platanus";52.37807;4.877489
"Platanus";52.378073;4.877285
"Ulmus";52.378082;4.873942
"Overig";52.378097;4.875148
"Ulmus";52.378103;4.88194
"Platanus";52.378124;4.877312
"Platanus";52.378144;4.877601
"Ulmus";52.378142;4.882148
"Tilia";52.378173;4.879601
"Ulmus";52.378179;4.88235
"Overig";52.378215;4.875224
"Ulmus";52.378216;4.882555
"Ulmus";52.378227;4.874037
"Platanus";52.378237;4.877588
"Ulmus";52.378256;4.882771
"Ulmus";52.378294;4.882979
"Platanus";52.378311;4.877706
"Ulmus";52.378364;4.874128
"Ulmus";52.378389;4.875453
"Tilia";52.378388;4.879735
"Ulmus";52.378386;4.883482
"Platanus";52.378393;4.877686
"Aesculus";52.378422;4.877776
"Ulmus";52.378418;4.883657
"Ulmus";52.378453;4.883851
"Acer";52.37847;4.871246
"Ulmus";52.378475;4.875515
"Ulmus";52.378489;4.884047
"Ulmus";52.378501;4.874219
"Ulmus";52.378525;4.884245
"Robinia";52.378568;4.869559
"Tilia";52.378561;4.879839
"Robinia";52.378575;4.869745
"Ulmus";52.378561;4.884442
"Robinia";52.378601;4.869996
"Ulmus";52.378598;4.884642
"Tilia";52.378639;4.859345
"Robinia";52.378639;4.870261
"Aesculus";52.378639;4.871233
"Aesculus";52.378639;4.871233
"Acer";52.378642;4.870993
"Quercus";52.378637;4.879312
"Platanus";52.378653;4.878503
"Robinia";52.37867;4.870477
"Overig";52.378675;4.874222
"Quercus";52.378683;4.875774
"Ulmus";52.378675;4.885063
"Crataegus";52.378694;4.870578
"Carpinus";52.378715;4.875898
"Acer";52.378715;4.880273
"Ulmus";52.378711;4.885268
"Ulmus";52.378722;4.878006
"Overig";52.378744;4.860235
"Acer";52.378728;4.880424
"Tilia";52.378759;4.859448
"Aesculus";52.37875;4.871335
"Aesculus";52.37875;4.871335
"Ulmus";52.378747;4.885465
"Aesculus";52.378768;4.878011
"Prunus";52.37877;4.876119
"Ulmus";52.378771;4.876159
"Tilia";52.378792;4.859306
"Tilia";52.378793;4.859678
"Ulmus";52.378778;4.878579
"Tilia";52.378784;4.874527
"Tilia";52.378784;4.874527
"Ulmus";52.378784;4.885665
"Platanus";52.378805;4.876304
"Platanus";52.378805;4.876304
"Tilia";52.378823;4.859869
"Tilia";52.378811;4.880006
"Ulmus";52.378829;4.877949
"Tilia";52.378848;4.860053
"Ulmus";52.378837;4.878051
"Aesculus";52.378845;4.87141
"Aesculus";52.378845;4.87141
"Tilia";52.378879;4.860276
"Overig";52.378859;4.881201
"Ulmus";52.378887;4.878082
"Tilia";52.378912;4.86048
"Ulmus";52.378902;4.878654
"Platanus";52.378916;4.878014
"Tilia";52.378941;4.860668
"Prunus";52.378923;4.878886
"Tilia";52.378929;4.874628
"Tilia";52.37894;4.873464
"Tilia";52.378962;4.860885
"Platanus";52.378945;4.8781
"Tilia";52.378952;4.880091
"Aesculus";52.378976;4.871523
"Aesculus";52.378976;4.871523
"Overig";52.37898;4.879535
"Prunus";52.378978;4.88204
"Prunus";52.378987;4.8821
"Prunus";52.378996;4.882097
"Ulmus";52.379007;4.878725
"Overig";52.37901;4.879412
"Robinia";52.379008;4.88231
"Carpinus";52.379009;4.882098
"Tilia";52.379017;4.87497
"Platanus";52.37903;4.878077
"Robinia";52.379027;4.882219
"Robinia";52.37903;4.882474
"Robinia";52.379045;4.882552
"Aesculus";52.379085;4.871617
"Aesculus";52.379085;4.871617
"Ulmus";52.379088;4.87332
"Aesculus";52.37909;4.878189
"Tilia";52.379119;4.880195
"Ulmus";52.379138;4.878801
"Platanus";52.379174;4.878166
"Tilia";52.379206;4.856987
"Aesculus";52.379198;4.871716
"Aesculus";52.379198;4.871716
"Ulmus";52.379204;4.87342
"Ulmus";52.379226;4.878273
"Tilia";52.379264;4.857162
"Ulmus";52.379245;4.878872
"Overig";52.379255;4.86957
"Tilia";52.37926;4.871965
"Aesculus";52.379262;4.878295
"Overig";52.379282;4.869757
"Quercus";52.379275;4.879715
"Aesculus";52.379301;4.871807
"Aesculus";52.379301;4.871807
"Tilia";52.379305;4.880318
"Tilia";52.379331;4.857329
"Ulmus";52.379309;4.879598
"Ulmus";52.379317;4.87352
"Ulmus";52.37934;4.878353
"Tilia";52.379376;4.857496
"Ulmus";52.379359;4.878944
"Aesculus";52.379365;4.878292
"Ulmus";52.379392;4.878386
"Tilia";52.379446;4.857768
"Ulmus";52.379433;4.873617
"Tilia";52.37945;4.859071
"Tilia";52.379453;4.858901
"Platanus";52.379439;4.878409
"Tilia";52.379478;4.857979
"Tilia";52.37946;4.880413
"Ulmus";52.379476;4.879018
"Tilia";52.37952;4.859116
"Tilia";52.37952;4.859116
"Tilia";52.379528;4.858342
"Tilia";52.379551;4.858519
"Tilia";52.379553;4.859347
"Ulmus";52.379538;4.878482
"Aesculus";52.379545;4.8784
"Ulmus";52.379551;4.873717
"Tilia";52.379575;4.858674
"Tilia";52.379584;4.859578
"Overig";52.379577;4.873941
"Tilia";52.379599;4.858833
"Ulmus";52.379582;4.879086
"Ulmus";52.37959;4.880655
"Ulmus";52.37959;4.880655
"Quercus";52.379594;4.879902
"Tilia";52.379616;4.859808
"Aesculus";52.379613;4.878517
"Tilia";52.379613;4.88051
"Ulmus";52.379621;4.879787
"Tilia";52.379646;4.859179
"Tilia";52.379646;4.859179
"Tilia";52.379646;4.860038
"Ulmus";52.379638;4.880969
"Tilia";52.379669;4.859349
"Tilia";52.379678;4.860267
"Tilia";52.379693;4.859525
"Ulmus";52.379676;4.881223
"Ulmus";52.379681;4.878568
"Ulmus";52.379691;4.873828
"Tilia";52.379709;4.860497
"Tilia";52.37972;4.859715
"Ulmus";52.379703;4.881437
"Tilia";52.379728;4.860949
"Ulmus";52.379715;4.879169
"Aesculus";52.379718;4.878504
"Tilia";52.379747;4.861079
"Tilia";52.379754;4.859947
"Ulmus";52.379739;4.88167
"Tilia";52.379765;4.861209
"Tilia";52.379783;4.861338
"Ulmus";52.379772;4.881893
"Tilia";52.37978;4.880614
"Tilia";52.379802;4.861468
"Platanus";52.379787;4.878628
"Tilia";52.379806;4.860336
"Ulmus";52.379808;4.882133
"Tilia";52.37983;4.860509
"Ulmus";52.379828;4.879241
"Tilia";52.379857;4.86067
"Ulmus";52.379847;4.873964
"Ulmus";52.379844;4.882375
"Tilia";52.379882;4.860881
"Aesculus";52.379885;4.878609
"Ulmus";52.379913;4.882853
"Tilia";52.379952;4.861123
"Ulmus";52.379941;4.879309
"Ulmus";52.379942;4.883057
"Tilia";52.379952;4.880722
"Platanus";52.379962;4.878733
"Ulmus";52.379983;4.88332
"Ulmus";52.379998;4.874095
"Quercus";52.379998;4.880168
"Ulmus";52.380013;4.880038
"Ulmus";52.380023;4.883575
"Tilia";52.380052;4.861581
"Platanus";52.380036;4.878785
"Ulmus";52.380038;4.883702
"Ulmus";52.380051;4.879383
"Ulmus";52.380058;4.883821
"Aesculus";52.380064;4.878722
"Ulmus";52.380075;4.88395
"Ulmus";52.380098;4.884088
"Tilia";52.380118;4.880827
"Ulmus";52.380136;4.874217
"Aesculus";52.380137;4.878843
"Ulmus";52.380163;4.879462
"Ulmus";52.380178;4.884617
"Ulmus";52.380202;4.884795
"Platanus";52.380211;4.878817
"Tilia";52.380239;4.861466
"Overig";52.380224;4.876495
"Ulmus";52.380232;4.884979
"Ulmus";52.380248;4.874306
"Ulmus";52.380252;4.879516
"Ulmus";52.380256;4.885139
"Aesculus";52.380263;4.878918
"Ulmus";52.380283;4.885305
"Tilia";52.380303;4.880943
"Ulmus";52.38033;4.885614
"Platanus";52.380341;4.878898
"Ulmus";52.380341;4.878979
"Ulmus";52.38036;4.879585
"Ulmus";52.38037;4.880265
"Quercus";52.380373;4.880413
"Platanus";52.380394;4.879004
"Ulmus";52.380396;4.886105
"Ulmus";52.380432;4.88633
"Overig";52.380475;4.868375
"Overig";52.380484;4.859866
"Ulmus";52.380471;4.879654
"Tilia";52.38047;4.881051
"Prunus";52.380483;4.868667
"Ulmus";52.380468;4.88657
"Overig";52.380494;4.868486
"Platanus";52.380487;4.87899
"Prunus";52.380512;4.868815
"Ulmus";52.380506;4.886834
"Overig";52.380544;4.869046
"Acer";52.380546;4.868578
"Ulmus";52.380543;4.887089
"Overig";52.38057;4.868454
"Tilia";52.380567;4.881111
"Overig";52.380579;4.869255
"Acer";52.380581;4.868795
"Ulmus";52.380589;4.879726
"Ulmus";52.380582;4.887349
"Ulmus";52.380595;4.879142
"Ulmus";52.380608;4.887532
"Ulmus";52.380635;4.869098
"Platanus";52.380638;4.879087
"Acer";52.38065;4.869352
"Overig";52.380661;4.869772
"Tilia";52.380653;4.881166
"Ulmus";52.380666;4.869283
"Overig";52.380671;4.869776
"Overig";52.380707;4.870015
"Aesculus";52.3807;4.879193
"Overig";52.380714;4.870027
"Ulmus";52.38071;4.879809
"Tilia";52.380762;4.869815
"Tilia";52.38078;4.869913
"Overig";52.380784;4.870154
"Platanus";52.380776;4.879173
"Tilia";52.380797;4.870017
"Ulmus";52.380801;4.880543
"Overig";52.380807;4.881889
"Tilia";52.380819;4.870133
"Populus";52.38082;4.870365
"Ulmus";52.380818;4.879873
"Tilia";52.380832;4.870221
"Populus";52.380838;4.870476
"Platanus";52.380831;4.879273
"Fraxinus";52.38086;4.870849
"Overig";52.380879;4.870687
"Fraxinus";52.380885;4.8711
"Tilia";52.380889;4.870529
"Quercus";52.380882;4.880594
"Tilia";52.380905;4.870628
"Fraxinus";52.380905;4.871098
"Tilia";52.380896;4.881319
"Platanus";52.380905;4.879253
"Tilia";52.380923;4.870719
"Tilia";52.380938;4.870816
"Ulmus";52.380933;4.87995
"Overig";52.380932;4.882316
"Ulmus";52.380945;4.876409
"Tilia";52.380953;4.870901
"Platanus";52.380946;4.879339
"Overig";52.380945;4.882811
"Tilia";52.380968;4.870989
"Ulmus";52.380982;4.876568
"Overig";52.380986;4.880659
"Overig";52.381006;4.880813
"Ulmus";52.381026;4.87675
"Ulmus";52.381045;4.871458
"Platanus";52.381051;4.879345
"Tilia";52.381052;4.881426
"Ulmus";52.381056;4.880023
"Ulmus";52.38107;4.876935
"Overig";52.381064;4.883206
"Ulmus";52.381081;4.871653
"Overig";52.381078;4.883711
"Platanus";52.381092;4.87943
"Ulmus";52.381119;4.871874
"Ulmus";52.381116;4.877122
"Tilia";52.381135;4.881475
"Ulmus";52.38116;4.872715
"Ulmus";52.381161;4.872943
"Ulmus";52.381158;4.877304
"Ulmus";52.381161;4.880097
"Overig";52.381184;4.883984
"Tilia";52.381201;4.872285
"Overig";52.381195;4.884475
"Ulmus";52.381203;4.877482
"Robinia";52.38122;4.873127
"Robinia";52.381226;4.869481
"Ulmus";52.381236;4.872534
"Robinia";52.381252;4.869504
"Ulmus";52.381249;4.877682
"Robinia";52.381262;4.869696
"Ulmus";52.38127;4.872729
"Tilia";52.381274;4.869803
"Robinia";52.381277;4.869846
"Tilia";52.381285;4.869869
"Tilia";52.381275;4.88156
"Overig";52.381298;4.869496
"Ulmus";52.38129;4.877854
"Robinia";52.381325;4.870246
"Populus";52.381327;4.870315
"Overig";52.381315;4.885273
"Overig";52.381319;4.884913
"Ulmus";52.38133;4.878033
"Populus";52.381338;4.870277
"Ulmus";52.381339;4.876287
"Overig";52.381352;4.870011
"Robinia";52.381355;4.870532
"Robinia";52.38136;4.870484
"Robinia";52.381371;4.870554
"Overig";52.381373;4.869853
"Ulmus";52.381371;4.878196
"Tilia";52.38138;4.870417
"Robinia";52.381382;4.868788
"Overig";52.381381;4.870184
"Tilia";52.38138;4.881629
"Tilia";52.38138;4.881629
"Onbekend";52.381398;4.870138
"Overig";52.381404;4.870772
"Robinia";52.381407;4.870706
"Tilia";52.381411;4.870537
"Ulmus";52.38141;4.878358
"Overig";52.38143;4.870196
"Overig";52.381417;4.88557
"Ulmus";52.381437;4.876704
"Populus";52.381445;4.870735
"Ulmus";52.381453;4.87854
"Overig";52.381448;4.886201
"Overig";52.381464;4.870673
"Overig";52.381473;4.869185
"Ulmus";52.381488;4.876908
"Overig";52.381498;4.870529
"Tilia";52.38149;4.881697
"Ulmus";52.381495;4.878711
"Overig";52.381512;4.87063
"Ulmus";52.381535;4.877104
"Ulmus";52.381567;4.874786
"Overig";52.38158;4.871202
"Ulmus";52.381588;4.877324
"Tilia";52.381602;4.881769
"Overig";52.381615;4.871457
"Overig";52.38165;4.871705
"Tilia";52.381658;4.881804
"Overig";52.381685;4.87195
"Ulmus";52.381699;4.877772
"Ulmus";52.381704;4.875006
"Overig";52.381711;4.884335
"Overig";52.381725;4.872204
"Carpinus";52.38174;4.872876
"Ulmus";52.381747;4.877975
"Ulmus";52.381763;4.866434
"Overig";52.38176;4.872446
"Carpinus";52.38176;4.872992
"Ulmus";52.381792;4.866683
"Ulmus";52.381791;4.878172
"Overig";52.381809;4.872765
"Tilia";52.3818;4.881898
"Ulmus";52.381833;4.878352
"Ulmus";52.381845;4.867004
"Overig";52.381829;4.885129
"Ulmus";52.381836;4.882109
"Ulmus";52.381836;4.882109
"Overig";52.381858;4.873008
"Ulmus";52.381859;4.875244
"Ulmus";52.381863;4.882301
"Carpinus";52.381877;4.872808
"Ulmus";52.38188;4.87855
"Ulmus";52.381897;4.86728
"Carpinus";52.381896;4.872927
"Tilia";52.381891;4.88196
"Ulmus";52.381891;4.882521
"Overig";52.381905;4.873297
"Ulmus";52.381923;4.867431
"Ulmus";52.381914;4.882173
"Ulmus";52.381933;4.882827
"Ulmus";52.38195;4.867582
"Quercus";52.381939;4.881269
"Overig";52.38196;4.873542
"Ulmus";52.381969;4.867097
"Quercus";52.381972;4.867009
"Ulmus";52.381974;4.867726
"Ulmus";52.381966;4.883014
"Tilia";52.381975;4.882013
"Ulmus";52.381991;4.867244
"Ulmus";52.381999;4.883259
"Quercus";52.382018;4.881447
"Ulmus";52.382024;4.875508
"Ulmus";52.382041;4.867991
"Ulmus";52.382043;4.867535
"Ulmus";52.382064;4.867669
"Overig";52.382059;4.873754
"Ulmus";52.382064;4.883698
"Ulmus";52.38208;4.86826
"Tilia";52.382071;4.882071
"Ulmus";52.382095;4.867836
"Ulmus";52.382091;4.883866
"Ulmus";52.382117;4.867976
"Overig";52.382114;4.871034
"Ulmus";52.382119;4.884046
"Platanus";52.382125;4.879247
"Ulmus";52.38215;4.875718
"Overig";52.382166;4.871316
"Ulmus";52.382158;4.884304
"Overig";52.382172;4.873929
"Ulmus";52.382178;4.868317
"Ulmus";52.382181;4.868778
"Ulmus";52.382191;4.884518
"Ulmus";52.382214;4.868533
"Ulmus";52.382208;4.880743
"Ulmus";52.38222;4.869043
"Ulmus";52.382216;4.884687
"Overig";52.382231;4.87169
"Tilia";52.38223;4.882176
"Quercus";52.382234;4.88159
"Ulmus";52.382247;4.868731
"Ulmus";52.382248;4.869204
"Platanus";52.382238;4.879394
"Overig";52.382272;4.871933
"Onbekend";52.382262;4.884977
"Overig";52.382277;4.874101
"Ulmus";52.382271;4.881474
"Ulmus";52.382286;4.868931
"Ulmus";52.382284;4.875928
"Carpinus";52.3823;4.872608
"Ulmus";52.382321;4.869606
"Ulmus";52.382325;4.869152
"Overig";52.382323;4.872214
"Ulmus";52.382319;4.880812
"Platanus";52.382326;4.879589
"Ulmus";52.382362;4.869365
"Overig";52.382367;4.872477
"Ulmus";52.382394;4.870041
"Ulmus";52.382401;4.86957
"Tilia";52.382395;4.882277
"Ulmus";52.382434;4.869779
"Platanus";52.382438;4.879886
"Ulmus";52.382447;4.876192
"Ulmus";52.382452;4.880887
"Overig";52.382459;4.874373
"Ulmus";52.382469;4.86999
"Ulmus";52.382472;4.870465
"Acer";52.382476;4.882323
"Quercus";52.382483;4.881742
"Ulmus";52.382505;4.870203
"Ulmus";52.382513;4.881631
"Tilia";52.382521;4.882357
"Ulmus";52.382546;4.870396
"Ulmus";52.382565;4.880958
"Platanus";52.382577;4.880163
"Ulmus";52.382612;4.876456
"Carpinus";52.382629;4.870933
"Platanus";52.382661;4.880264
"Carpinus";52.382671;4.871173
"Tilia";52.382665;4.882448
"Platanus";52.382677;4.880391
"Ulmus";52.382681;4.881031
"Carpinus";52.382706;4.87137
"Fraxinus";52.382747;4.871603
"Platanus";52.38275;4.880405
"Carpinus";52.382764;4.872399
"Quercus";52.382771;4.881926
"Carpinus";52.382783;4.872513
"Carpinus";52.382788;4.871839
"Ulmus";52.382791;4.881098
"Tilia";52.382794;4.88253
"Ulmus";52.382799;4.881806
"Carpinus";52.382822;4.872034
"Ulmus";52.382834;4.876779
"Carpinus";52.382864;4.872276
"Platanus";52.382874;4.880493
"Populus";52.382887;4.876867
"Carpinus";52.382915;4.87255
"Ulmus";52.38292;4.881177
"Tilia";52.38293;4.882616
"Fraxinus";52.382949;4.873203
"Fraxinus";52.382966;4.873305
"Fraxinus";52.382972;4.872865
"Platanus";52.382975;4.877038
"Fraxinus";52.382986;4.873412
"Fraxinus";52.383003;4.873514
"Quercus";52.383015;4.882079
"Fraxinus";52.383024;4.873167
"Fraxinus";52.38303;4.87069
"Fraxinus";52.383042;4.873271
"Platanus";52.383042;4.880598
"Ulmus";52.383045;4.881954
"Ulmus";52.383046;4.881256
"Fraxinus";52.38306;4.873375
"Tilia";52.383066;4.882704
"Fraxinus";52.383078;4.873482
"Overig";52.383093;4.870751
"Fraxinus";52.383129;4.87374
"Acer";52.383164;4.864113
"Ulmus";52.383173;4.863885
"Fraxinus";52.38317;4.873999
"Acer";52.383184;4.863979
"Ulmus";52.383168;4.881334
"Acer";52.383194;4.86411
"Ulmus";52.383194;4.87737
"Ulmus";52.383218;4.864459
"Tilia";52.383202;4.882791
"Platanus";52.383217;4.880705
"Fraxinus";52.383225;4.874326
"Carpinus";52.383252;4.872173
"Carpinus";52.383265;4.872287
"Quercus";52.38327;4.882241
"Ulmus";52.38329;4.877524
"Ulmus";52.383292;4.882113
"Overig";52.383303;4.871952
"Acer";52.383301;4.874616
"Ulmus";52.383301;4.881421
"Overig";52.38331;4.874463
"Tilia";52.383343;4.88288
"Carpinus";52.383363;4.872312
"Carpinus";52.383384;4.872112
"Ulmus";52.383386;4.877675
"Platanus";52.383384;4.880813
"Acer";52.383403;4.87475
"Alnus";52.383422;4.870411
"Overig";52.383428;4.872657
"Ulmus";52.383425;4.881494
"Quercus";52.383439;4.882345
"Ulmus";52.383467;4.882224
"Overig";52.383492;4.873026
"Ulmus";52.383489;4.877838
"Acer";52.3835;4.874938
"Overig";52.383548;4.873333
"Platanus";52.383541;4.880913
"Overig";52.383558;4.873882
"Ulmus";52.383559;4.881572
"Alnus";52.38359;4.870346
"Ulmus";52.383586;4.877991
"Acer";52.383602;4.8751
"Overig";52.383607;4.873677
"Overig";52.383638;4.870892
"Ulmus";52.383633;4.881624
"Overig";52.383657;4.874001
"Overig";52.383677;4.873855
"Ulmus";52.383676;4.878135
"Robinia";52.383685;4.876539
"Overig";52.383688;4.882489
"Acer";52.383699;4.875256
"Overig";52.383698;4.882359
"Platanus";52.383703;4.881018
"Carpinus";52.383713;4.871962
"Ulmus";52.383726;4.881675
"Carpinus";52.383736;4.872075
"Robinia";52.383745;4.876653
"Overig";52.38376;4.864448
"Overig";52.38377;4.860438
"Overig";52.383773;4.874208
"Fraxinus";52.383773;4.878527
"Acer";52.383801;4.875414
"Overig";52.383808;4.876787
"Robinia";52.383811;4.876515
"Ulmus";52.383811;4.881796
"Overig";52.383829;4.864947
"Overig";52.383845;4.876803
"Carpinus";52.383865;4.871894
"Overig";52.383866;4.87208
"Overig";52.383869;4.874345
"Ulmus";52.383871;4.881959
"Platanus";52.383884;4.881134
"Ulmus";52.383884;4.882127
"Ulmus";52.383898;4.878493
"Acer";52.383905;4.87558
"Overig";52.383912;4.872309
"Robinia";52.383912;4.876676
"Overig";52.383947;4.873441
"Alnus";52.383959;4.870201
"Overig";52.38396;4.872574
"Overig";52.383969;4.874478
"Overig";52.384007;4.87282
"Robinia";52.384005;4.876827
"Overig";52.384047;4.873049
"Platanus";52.384053;4.881246
"Overig";52.384084;4.87465
"Overig";52.38409;4.873292
"Crataegus";52.384114;4.876999
"Ulmus";52.384121;4.878846
"Overig";52.384142;4.870531
"Ulmus";52.384154;4.88377
"Betula";52.384204;4.870884
"Carpinus";52.384211;4.87173
"Robinia";52.384207;4.877147
"Ulmus";52.384216;4.878999
"Platanus";52.384221;4.881352
"Carpinus";52.384234;4.871846
"Overig";52.384256;4.87118
"Ulmus";52.384279;4.883969
"Robinia";52.38431;4.877594
"Overig";52.38432;4.871545
"Overig";52.38432;4.8733
"Ulmus";52.384318;4.879167
"Robinia";52.384328;4.877339
"Ulmus";52.384357;4.875216
"Onbekend";52.384394;4.879291
"Crataegus";52.384418;4.8721
"Onbekend";52.384416;4.879323
"Robinia";52.384419;4.877539
"Alnus";52.384433;4.865414
"Ulmus";52.384434;4.879349
"Crataegus";52.384442;4.872398
"Crataegus";52.384453;4.872852
"Ulmus";52.384444;4.882153
"Crataegus";52.384455;4.873091
"Overig";52.384467;4.865672
"Overig";52.38447;4.865881
"Overig";52.384471;4.866088
"Onbekend";52.384471;4.873563
"Onbekend";52.384474;4.873952
"Onbekend";52.384479;4.874246
"Onbekend";52.384486;4.874479
"Robinia";52.384511;4.877685
"Robinia";52.38452;4.875485
"Overig";52.384544;4.864868
"Ulmus";52.384533;4.879509
"Overig";52.384548;4.864624
"Overig";52.384559;4.865122
"Overig";52.384568;4.866112
"Ulmus";52.384559;4.882195
"Overig";52.38458;4.865885
"Robinia";52.38458;4.875697
"Robinia";52.384587;4.876032
"Robinia";52.384603;4.877831
"Robinia";52.38463;4.876193
"Ulmus";52.384671;4.879728
"Robinia";52.384679;4.877952
"Ulmus";52.384677;4.882278
"Ulmus";52.384748;4.879836
"Platanus";52.384796;4.876536
"Platanus";52.384797;4.88162
"Overig";52.384803;4.878249
"Ulmus";52.384816;4.879958
"Overig";52.384835;4.873279
"Overig";52.384836;4.873413
"Overig";52.384843;4.873398
"Overig";52.384844;4.873262
"Platanus";52.384861;4.876537
"Overig";52.384877;4.871394
"Overig";52.384879;4.87508
"Ulmus";52.38488;4.880052
"Platanus";52.384905;4.87657
"Overig";52.384904;4.878417
"Overig";52.384922;4.871686
"Overig";52.384926;4.871956
"Overig";52.384931;4.872244
"Overig";52.384935;4.872547
"Overig";52.384936;4.87345
"Overig";52.384941;4.872877
"Overig";52.384944;4.873168
"Overig";52.384945;4.873823
"Carpinus";52.38495;4.871551
"Ulmus";52.384945;4.880155
"Overig";52.384951;4.874173
"Platanus";52.384952;4.876627
"Overig";52.384957;4.874525
"Overig";52.384963;4.874878
"Acer";52.38497;4.873379
"Platanus";52.384998;4.876709
"Overig";52.385008;4.878578
"Ulmus";52.385012;4.880266
"Acer";52.385045;4.875693
"Acer";52.385048;4.875817
"Tilia";52.385091;4.858888
"Acer";52.385081;4.875691
"Tilia";52.385098;4.859112
"Acer";52.385085;4.875816
"Tilia";52.385104;4.859325
"Tilia";52.385105;4.859797
"Tilia";52.38511;4.860017
"Tilia";52.385112;4.860251
"Tilia";52.385118;4.86048
"Tilia";52.385123;4.86069
"Overig";52.385111;4.878742
"Tilia";52.385131;4.861145
"Tilia";52.385135;4.861364
"Tilia";52.385138;4.861593
"Tilia";52.385139;4.861816
"Tilia";52.385155;4.862007
"Carpinus";52.38516;4.871548
"Tilia";52.385177;4.856939
"Tilia";52.385177;4.857133
"Tilia";52.385181;4.857324
"Tilia";52.385176;4.863844
"Tilia";52.38518;4.86406
"Tilia";52.385189;4.857521
"Tilia";52.385191;4.857742
"Tilia";52.385186;4.864308
"Tilia";52.385187;4.864528
"Tilia";52.385196;4.857971
"Tilia";52.38519;4.864743
"Tilia";52.385204;4.858218
"Tilia";52.385206;4.858444
"Tilia";52.385211;4.858659
"Tilia";52.385212;4.858875
"Tilia";52.385218;4.859123
"Tilia";52.385225;4.859572
"Tilia";52.385226;4.859781
"Tilia";52.385232;4.860008
"Tilia";52.385237;4.860465
"Alnus";52.385233;4.867059
"Tilia";52.385241;4.860237
"Tilia";52.385242;4.860684
"Tilia";52.385248;4.860916
"Tilia";52.385241;4.868686
"Tilia";52.38525;4.861139
"Tilia";52.385244;4.868492
"Tilia";52.385245;4.867686
"Tilia";52.385252;4.861361
"Tilia";52.385247;4.867869
"Alnus";52.385247;4.868303
"Alnus";52.38525;4.869137
"Tilia";52.385258;4.861597
"Tilia";52.385261;4.861831
"Tilia";52.385296;4.863938
"Tilia";52.385297;4.864085
"Tilia";52.385301;4.864254
"Tilia";52.385345;4.86476
"Tilia";52.385353;4.864908
"Tilia";52.385357;4.865093
"Alnus";52.385365;4.867648
"Alnus";52.385368;4.867817
"Alnus";52.385371;4.867501
"Alnus";52.385374;4.867299
"Overig";52.385386;4.868527
"Overig";52.385389;4.869162
"Ulmus";52.3854;4.879048
"Overig";52.385414;4.878613
"Ulmus";52.385444;4.87906
"Alnus";52.385455;4.870172
"Alnus";52.385457;4.870332
"Alnus";52.385482;4.871962
"Alnus";52.385486;4.872147
"Alnus";52.385491;4.872664
"Alnus";52.385493;4.872502
"Alnus";52.385494;4.872291
"Alnus";52.385563;4.877133
"Alnus";52.385565;4.8773
"Alnus";52.385567;4.877503
"Alnus";52.385573;4.877704
"Alnus";52.385576;4.877907
"Ulmus";52.385752;4.881785
"Overig";52.385867;4.874946
"Overig";52.385981;4.874941
"Overig";52.386046;4.884304
"Overig";52.386093;4.874932
"Overig";52.386152;4.874931
"Overig";52.386147;4.884542
"Overig";52.386207;4.874931
"Overig";52.386292;4.874922
"Overig";52.386345;4.874923
"Overig";52.386404;4.874923
"Overig";52.386459;4.874922
"Ulmus";52.386662;4.883153
"Ulmus";52.386738;4.8832
"Ulmus";52.386828;4.883255
"Ulmus";52.386922;4.883317
"Ulmus";52.387011;4.883379
"Ulmus";52.387105;4.883446
"Ulmus";52.387192;4.883511
"Ulmus";52.387279;4.883575
"Ulmus";52.387371;4.883638
"Ulmus";52.38745;4.883698
"Ulmus";52.387619;4.883781
"Ulmus";52.387707;4.883824
"Ulmus";52.387797;4.883867
"Ulmus";52.387876;4.883912
"Ulmus";52.387951;4.883947
"Ulmus";52.388007;4.883986
"Ulmus";52.388114;4.884045
"Ulmus";52.388178;4.884064
